{
  "motley fool": [
    0.35372382812500003,
    -0.01193125
  ],
  "yahoo finance": [
    0.11482915747314691,
    -0.23767059338092805
  ],
  "reuters": [
    0.0,
    -0.09864257812499999
  ],
  "bloomberg": [
    0.0,
    -0.5382333333333333
  ]
}