{
  "motley fool": [
    0.35372382812500003,
    -0.01193125
  ],
  "yahoo finance": [
    0.11486607828140258,
    -0.23761797637939452
  ],
  "reuters": [
    0.0,
    -0.09828124999999999
  ],
  "bloomberg": [
    0.0,
    -0.5382333333333333
  ]
}