{
  "motley fool": [
    0.35372382812500003,
    -0.01193125
  ],
  "yahoo finance": [
    0.13422832031249998,
    -0.210315625
  ],
  "reuters": [
    0.0,
    0.0
  ],
  "bloomberg": [
    0.0,
    -0.5382333333333333
  ]
}