{
  "motley fool": [
    0.35372382812500003,
    -0.01193125
  ],
  "yahoo finance": [
    0.11722901000976563,
    -0.23425048828125
  ],
  "reuters": [
    0.0,
    -0.0925
  ],
  "bloomberg": [
    0.0,
    -0.5382333333333333
  ]
}